,neurons,results_1,results_2,mean,MSE1,MSE2,mean_mse
0,5,2.5670984789510625,2.5655946708703636,2.566346574910713,2.5670984789510625,2.5655946708703636,2.566346574910713
1,10,1.9068819109682715,1.9470478495822727,1.9269648802752721,1.9068819109682715,1.9470478495822727,1.9269648802752721
2,15,1.5957582290660368,1.5263306163274806,1.5610444226967588,1.5957582290660368,1.5263306163274806,1.5610444226967588
3,30,1.6644401863673357,1.5465875725416416,1.6055138794544885,1.6644401863673357,1.5465875725416416,1.6055138794544885
